{"cameraMode":{"drawMode":0,"name":"Shaded","section":"Shading Mode"},"sceneLighting":true,"audioPlay":false,"sceneViewState":{"showFog":true,"showMaterialUpdate":true,"showSkybox":true,"showFlares":true,"showImageEffects":true,"showParticleSystems":true},"in2DMode":false,"pivot":{"x":-281.90484619140627,"y":335.1644287109375,"z":-363.8589172363281},"rotation":{"x":-0.13630425930023194,"y":0.8520617485046387,"z":-0.4252351224422455,"w":-0.27313342690467837},"size":1031.39501953125,"orthographic":false}