{"cameraMode":{"drawMode":0,"name":"Shaded","section":"Shading Mode"},"sceneLighting":true,"audioPlay":false,"sceneViewState":{"showFog":true,"showMaterialUpdate":true,"showSkybox":true,"showFlares":true,"showImageEffects":true,"showParticleSystems":true},"in2DMode":false,"pivot":{"x":1235.365478515625,"y":-424.91815185546877,"z":-1052.6680908203125},"rotation":{"x":0.12549760937690736,"y":0.8470911383628845,"z":-0.22978030145168305,"w":0.4625355303287506},"size":2465.32958984375,"orthographic":false}