{"cameraMode":{"drawMode":0,"name":"Shaded","section":"Shading Mode"},"sceneLighting":true,"audioPlay":false,"sceneViewState":{"showFog":true,"showMaterialUpdate":true,"showSkybox":true,"showFlares":true,"showImageEffects":true,"showParticleSystems":true},"in2DMode":false,"pivot":{"x":-972.1064453125,"y":-114.579833984375,"z":-407.15631103515627},"rotation":{"x":-0.38204923272132876,"y":-0.6139284372329712,"z":0.44143620133399966,"w":-0.5313071608543396},"size":846.0083618164063,"orthographic":false}